SERIES,SYMBOL,SECURITY,RECORD_DT,BC_STRT_DT,BC_END_DT,EX_DT,ND_STRT_DT,ND_END_DT,PURPOSE
BE,MTNL,MAHANAGAR TELEPHONE NIGAM, ,04/10/2022,10/10/2022,30/09/2022, , ,ANNUAL GENERAL MEETING   
BE,SPAL,S. P. Apparels Limited,07/10/2022, , ,06/10/2022, , ,BUY BACK                 
BE,RUCHIRA,Ruchira Papers Limited,11/10/2022, , ,10/10/2022, , ,BONUS 1:10               
BE,ACCELYA,Accelya Soln India Ltd, ,10/10/2022,19/10/2022,06/10/2022, , ,AGM/DIV - RS 45 PER SH   
BE,AHLEAST,Asian Hotels (East) Ltd,07/10/2022, , ,06/10/2022, , ,DEMERGER                 
BE,AJOONI,Ajooni Biotech Limited,07/10/2022, , ,07/10/2022, , ,FVSPLT FRM RS 10 TO RS 2 
BE,MOTHERSON,Motherson Sumi Sys Ltd.,05/10/2022, , ,03/10/2022, , ,BONUS 1:2                
BE,AHLEAST,Asian Hotels (East) Ltd,07/10/2022, , ,06/10/2022, , ,BONUS 1:2                
E1,PATINTPP,Patel Inte Rs. 2.5 ppd up,07/10/2022, , , , , ,RST&FNL CALL - RS 7.50   
EQ,AHLEAST,Asian Hotels (East) Ltd,07/10/2022, , ,06/10/2022, , ,BONUS 1:2                
EQ,AJOONI,Ajooni Biotech Limited,07/10/2022, , ,07/10/2022, , ,FVSPLT FRM RS 10 TO RS 2 
EQ,MOTHERSON,Motherson Sumi Sys Ltd.,05/10/2022, , ,03/10/2022, , ,BONUS 1:2                
EQ,MTNL,Maha Tel Nigam Ltd., ,04/10/2022,10/10/2022,30/09/2022, , ,ANNUAL GENERAL MEETING   
EQ,ACCELYA,Accelya Soln India Ltd, ,10/10/2022,19/10/2022,06/10/2022, , ,AGM/DIV - RS 45 PER SH   
EQ,SPAL,S. P. Apparels Limited,07/10/2022, , ,06/10/2022, , ,BUY BACK                 
EQ,AHLEAST,Asian Hotels (East) Ltd,07/10/2022, , ,06/10/2022, , ,DEMERGER                 
EQ,RUCHIRA,Ruchira Papers Limited,11/10/2022, , ,10/10/2022, , ,BONUS 1:10               
GS,719GS2060,GOI LOAN 7.19% 2060,07/10/2022, , ,06/10/2022, , ,INTEREST PAYMENT         
GS,GS261022C,GOI STRIPS C 261022,25/10/2022, , , , , ,REDEMPTION               
GS,563GS2026,GOI LOAN  5.63% 2026,06/10/2022, , ,04/10/2022, , ,INTEREST PAYMENT         
IV,INDINFR,IndInfravit Trust,08/10/2022, , ,06/10/2022, , ,DIV/DISTRIBU             
M2,L&TFINANCE,L,08/10/2022, , ,06/10/2022, , ,INTEREST PAYMENT         
M3,L&TFINANCE,L,08/10/2022, , ,06/10/2022, , ,INTEREST PAYMENT         
M6,L&TFINANCE,L,08/10/2022, , ,06/10/2022, , ,INTEREST PAYMENT         
M7,IBULHSGFIN,Sec Re NCD 8.20% Sr.VI,25/10/2022, , ,21/10/2022, , ,INTEREST PAYMENT         
M7,L&TFINANCE,L,08/10/2022, , ,06/10/2022, , ,INTEREST PAYMENT         
M8,IBULHSGFIN,Sec Re NCD 8.66% Sr.VI,25/10/2022, , ,21/10/2022, , ,INTEREST PAYMENT         
MC,IBULHSGFIN,Sec Re NCD 8.89% Sr.VIII,25/10/2022, , ,21/10/2022, , ,INTEREST PAYMENT         
MF,SFMP62GD,SBIAMC - SFMP62GD,06/10/2022, , , , , ,REDEMPTION               
MF,UTFDQIPIGI,UTIAMC - UTFDQIPIGI,18/10/2022, , , , , ,STP                      
MF,UTFDQIPIPI,UTIAMC - UTFDQIPIPI,18/10/2022, , , , , ,DIV/STP                  
MF,UTFIQIPRPI,UTI-FIIF QIP - I - RDP,18/10/2022, , , , , ,DIV/STP                  
MF,UTFIQIPRGI,UTI-FIIF QIP - I - RG,18/10/2022, , , , , ,STP                      
MF,UTFIQIPRRI,UTI-FIIF QIP - I - RDR,18/10/2022, , , , , ,DIV/STP                  
MF,UTFDQIPIRI,UTIAMC - UTFDQIPIRI,18/10/2022, , , , , ,DIV/STP                  
MF,SFMP62DR,SBIAMC - SFMP62DR,06/10/2022, , , , , ,REDEMPTION               
MF,SFMP62GR,SBIAMC - SFMP62GR,06/10/2022, , , , , ,REDEMPTION               
MF,SFMP62DD,SBIAMC - SFMP62DD,06/10/2022, , , , , ,REDEMPTION               
MH,SRTRANSFIN,Sec Red NCD 8.93% Sr. I,28/10/2022, , ,27/10/2022, , ,INTEREST PAYMENT         
MI,SRTRANSFIN,Sec Red NCD 9.03% Sr. II,28/10/2022, , ,27/10/2022, , ,INTEREST PAYMENT         
MO,SRTRANSFIN,Sec Red NCD 9.12% Sr. I,15/10/2022, , ,13/10/2022, , ,INTEREST PAYMENT         
MP,SRTRANSFIN,Sec Red NCD 9.30% Sr. II,15/10/2022, , ,13/10/2022, , ,INTEREST PAYMENT         
MR,SRTRANSFIN,Sec Red NCD 9.50% Sr. IV,15/10/2022, , ,13/10/2022, , ,INTEREST PAYMENT         
MS,SRTRANSFIN,Sec Red NCD 9.70% Sr. V,15/10/2022, , ,13/10/2022, , ,INTEREST PAYMENT         
MV,SRTRANSFIN,Shriram Transport Finance,15/10/2022, , ,13/10/2022, , ,INTEREST PAYMENT         
MW,SRTRANSFIN,Shriram Transport Finance,15/10/2022, , ,13/10/2022, , ,INTEREST PAYMENT         
N3,TATACAPHSG,Sec Red NCD 7.92% Sr.II,28/10/2022, , ,27/10/2022, , ,INTEREST PAYMENT         
N4,TATACAPHSG,Sec Red NCD 8.01% Sr.II,28/10/2022, , ,27/10/2022, , ,INTEREST PAYMENT         
N5,IIHFL,Unsec Re NCD 9.60% Sr.II,15/10/2022, , ,13/10/2022, , ,INTEREST PAYMENT         
N7,TATACAPHSG,Sec Red NCD 8.01% Sr.IV,28/10/2022, , ,27/10/2022, , ,INTEREST PAYMENT         
N7,IBUCCREDIT,SeReNCD8.66%SrIVCIII&IV,10/10/2022, , ,07/10/2022, , ,INTEREST PAYMENT         
N8,TATACAPHSG,Sec Red NCD 8.10% Sr.IV,28/10/2022, , ,27/10/2022, , ,INTEREST PAYMENT         
N9,IIHFL,Sec Re NCD 8.20% Sr.III,14/10/2022, , ,13/10/2022, , ,INTEREST PAYMENT         
NA,IBUCCREDIT,SeReNCD8.75%SrVICI&II,10/10/2022, , ,07/10/2022, , ,INTEREST PAYMENT         
NB,IBUCCREDIT,SeReNCD8.84%SrVICIII&IV,10/10/2022, , ,07/10/2022, , ,INTEREST PAYMENT         
NC,IIHFL,Sec Re NCD 8.43% Sr.VI,14/10/2022, , ,13/10/2022, , ,INTEREST PAYMENT         
NC,ICICI1101,ICICI1101-CGB2-5T-2022,13/10/2022, , , , , ,REDEMPTION               
NG,INDIGRID,India Grid Trust,24/10/2022, , ,20/10/2022, , ,INTEREST PAYMENT         
NG,ECLFINANCE,Sec Red NCD 9.25% Sr. III,17/10/2022, , ,14/10/2022, , ,INTEREST PAYMENT         
NH,INDIGRID,India Grid Trust,24/10/2022, , ,20/10/2022, , ,INTEREST PAYMENT         
NJ,ECLFINANCE,Sec Red NCD 9.43% Sr. VI,17/10/2022, , ,14/10/2022, , ,INTEREST PAYMENT         
NK,INDIGRID,India Grid Trust,24/10/2022, , ,20/10/2022, , ,INTEREST PAYMENT         
NL,INDIGRID,India Grid Trust,24/10/2022, , ,20/10/2022, , ,INTEREST PAYMENT         
NO,ECLFINANCE,ECL Finance Limited,17/10/2022, , ,14/10/2022, , ,INTEREST PAYMENT         
NR,ECLFINANCE,ECL Finance Limited,17/10/2022, , ,14/10/2022, , ,INTEREST PAYMENT         
SG,609MP22,SDL MP 6.09% 2022,07/10/2022, , , , , ,REDEMPTION               
SG,601OR22,SDL OR 6.01% 2022,14/10/2022, , , , , ,REDEMPTION               
SM,DESTINY,Destiny Logistics & I Ltd,15/11/2022, , , , , ,RIGHTS 1:1               
SM,SIGMA,Sigma Solve Limited,10/10/2022, , ,07/10/2022, , ,BONUS 3:2                
SM,SMVD,SMVD Poly Pack Limited,11/10/2022, , ,11/10/2022, , ,BONUS 102:100            
SQ,SIGMA,Sigma Solve Limited,10/10/2022, , ,07/10/2022, , ,BONUS 3:2                
SQ,DESTINY,Destiny Logistics & I Ltd,15/11/2022, , , , , ,RIGHTS 1:1               
SQ,SMVD,SMVD Poly Pack Limited,11/10/2022, , ,11/10/2022, , ,BONUS 102:100            
ST,SMVD,SMVD Poly Pack Limited,11/10/2022, , ,11/10/2022, , ,BONUS 102:100            
ST,DESTINY,Destiny Logistics & I Ltd,15/11/2022, , , , , ,RIGHTS 1:1               
ST,SIGMA,Sigma Solve Limited,10/10/2022, , ,07/10/2022, , ,BONUS 3:2                
U3,TATACAPHSG,Sec Red NCD 7.92% Sr.II,28/10/2022, , ,27/10/2022, , ,INTEREST PAYMENT         
U4,TATACAPHSG,Sec Red NCD 8.01% Sr.II,28/10/2022, , ,27/10/2022, , ,INTEREST PAYMENT         
U5,IIHFL,Unsec Re NCD 9.60% Sr.II,15/10/2022, , ,13/10/2022, , ,INTEREST PAYMENT         
U7,IBUCCREDIT,SeReNCD8.66%SrIVCIII&IV,10/10/2022, , ,07/10/2022, , ,INTEREST PAYMENT         
U7,TATACAPHSG,Sec Red NCD 8.01% Sr.IV,28/10/2022, , ,27/10/2022, , ,INTEREST PAYMENT         
U8,TATACAPHSG,Sec Red NCD 8.10% Sr.IV,28/10/2022, , ,27/10/2022, , ,INTEREST PAYMENT         
U9,IIHFL,Sec Re NCD 8.20% Sr.III,14/10/2022, , ,13/10/2022, , ,INTEREST PAYMENT         
UA,IBUCCREDIT,SeReNCD8.75%SrVICI&II,10/10/2022, , ,07/10/2022, , ,INTEREST PAYMENT         
UB,IBUCCREDIT,SeReNCD8.84%SrVICIII&IV,10/10/2022, , ,07/10/2022, , ,INTEREST PAYMENT         
UC,IIHFL,Sec Re NCD 8.43% Sr.VI,14/10/2022, , ,13/10/2022, , ,INTEREST PAYMENT         
UC,ICICI1101,ICICI1101-CGB2-5T-2022,13/10/2022, , , , , ,REDEMPTION               
UG,INDIGRID,India Grid Trust,24/10/2022, , ,20/10/2022, , ,INTEREST PAYMENT         
UG,ECLFINANCE,Sec Red NCD 9.25% Sr. III,17/10/2022, , ,14/10/2022, , ,INTEREST PAYMENT         
UH,INDIGRID,India Grid Trust,24/10/2022, , ,20/10/2022, , ,INTEREST PAYMENT         
UJ,ECLFINANCE,Sec Red NCD 9.43% Sr. VI,17/10/2022, , ,14/10/2022, , ,INTEREST PAYMENT         
UK,INDIGRID,India Grid Trust,24/10/2022, , ,20/10/2022, , ,INTEREST PAYMENT         
UL,INDIGRID,India Grid Trust,24/10/2022, , ,20/10/2022, , ,INTEREST PAYMENT         
UO,ECLFINANCE,ECL Finance Limited,17/10/2022, , ,14/10/2022, , ,INTEREST PAYMENT         
UR,ECLFINANCE,ECL Finance Limited,17/10/2022, , ,14/10/2022, , ,INTEREST PAYMENT         
X1,PATINTPP,Patel Inte Rs. 2.5 ppd up,07/10/2022, , , , , ,RST&FNL CALL - RS 7.50   
Y2,IBULHSGFIN,Sec Re NCD 8.05% Sr.III,25/10/2022, , ,21/10/2022, , ,INTEREST PAYMENT         
Y2,L&TFINANCE,L,08/10/2022, , ,06/10/2022, , ,INTEREST PAYMENT         
Y3,L&TFINANCE,L,08/10/2022, , ,06/10/2022, , ,INTEREST PAYMENT         
Y6,L&TFINANCE,L,08/10/2022, , ,06/10/2022, , ,INTEREST PAYMENT         
Y7,IBULHSGFIN,Sec Re NCD 8.20% Sr.VI,25/10/2022, , ,21/10/2022, , ,INTEREST PAYMENT         
Y7,L&TFINANCE,L,08/10/2022, , ,06/10/2022, , ,INTEREST PAYMENT         
Y8,IBULHSGFIN,Sec Re NCD 8.66% Sr.VI,25/10/2022, , ,21/10/2022, , ,INTEREST PAYMENT         
YC,IBULHSGFIN,Sec Re NCD 8.89% Sr.VIII,25/10/2022, , ,21/10/2022, , ,INTEREST PAYMENT         
YH,SRTRANSFIN,Sec Red NCD 8.93% Sr. I,28/10/2022, , ,27/10/2022, , ,INTEREST PAYMENT         
YI,SRTRANSFIN,Sec Red NCD 9.03% Sr. II,28/10/2022, , ,27/10/2022, , ,INTEREST PAYMENT         
YO,SRTRANSFIN,Sec Red NCD 9.12% Sr. I,15/10/2022, , ,13/10/2022, , ,INTEREST PAYMENT         
YP,SRTRANSFIN,Sec Red NCD 9.30% Sr. II,15/10/2022, , ,13/10/2022, , ,INTEREST PAYMENT         
YR,SRTRANSFIN,Sec Red NCD 9.50% Sr. IV,15/10/2022, , ,13/10/2022, , ,INTEREST PAYMENT         
YS,SRTRANSFIN,Sec Red NCD 9.70% Sr. V,15/10/2022, , ,13/10/2022, , ,INTEREST PAYMENT         
YV,SRTRANSFIN,Shriram Transport Finance,15/10/2022, , ,13/10/2022, , ,INTEREST PAYMENT         
YW,SRTRANSFIN,Shriram Transport Finance,15/10/2022, , ,13/10/2022, , ,INTEREST PAYMENT         
Z3,SRTRANSFIN,Sec Red NCD 9.12% Sr.I,15/10/2022, , ,13/10/2022, , ,INTEREST PAYMENT         
Z4,SRTRANSFIN,Sec Red NCD 9.22% Sr.II,15/10/2022, , ,13/10/2022, , ,INTEREST PAYMENT         
Z5,SRTRANSFIN,Sec Red NCD 9.31% Sr.III,15/10/2022, , ,13/10/2022, , ,INTEREST PAYMENT         
ZD,SRTRANSFIN,Sec Red NCD 8.52% Sr.I,15/10/2022, , ,13/10/2022, , ,INTEREST PAYMENT         
ZE,SRTRANSFIN,Sec Red NCD 8.66% Sr.II,15/10/2022, , ,13/10/2022, , ,INTEREST PAYMENT         
ZF,SRTRANSFIN,Sec Red NCD 8.75% Sr.III,15/10/2022, , ,13/10/2022, , ,INTEREST PAYMENT         

