SYMBOL,SERIES,SECURITY,HIGH/LOW,INDEX FLAG
4THDIM,EQ,FOURTH DIMENSION SOL L,H
AAKASH,EQ,AAKASH EXPLORATION SER L,H
ABINFRA,SM,A B INFRABUILD LIMITED,H
ACEINTEG,SM,ACE INTEGRATED SOLU. LTD.,H
AGRITECH,EQ,AGRI-TECH (INDIA) LIMITED,H
AHLADA,BE,AHLADA ENGINEERS LIMITED,H
AHLEAST,BE,ASIAN HOTELS (EAST) LTD,H
AILIMITED,SM,ABHISHEK INTEGRATIONS LTD,H
AJRINFRA,EQ,AJR INFRA & TOLLING LTD,H
AKSHAR,EQ,AKSHAR SPINTEX LIMITED,H
AMJUMBO,ST,A AND M JUMBO BAGS LTD,H
ANSALHSG,EQ,ANSAL HOUSING LIMITED,H
ARSHIYA,EQ,ARSHIYA LIMITED,H
AVG,SM,AVG LOGISTICS LIMITED,H
BANG,EQ,BANG OVERSEAS LTD.,H
BARTRONICS,BZ,BARTRONICS INDIA LIMITED,H
BCG,EQ,BRIGHTCOM GROUP LIMITED,H
BCONCEPTS,BE,BRAND CONCEPTS LIMITED,H
BEARDSELL,EQ,BEARDSELL LIMITED,H
BIGBLOC,EQ,BIGBLOC CONSTRUCTION LTD,H
BIRLATYRE,BE,BIRLA TYRES LIMITED,H
BLKASHYAP,EQ,B.L.KASHYAP & SON LTD,H
BLUECOAST,BE,BLUE COAST HOTELS LIMITED,H
BMETRICS,SM,BOMBAY METRICS S C LTD,H
BSHSL,EQ,BOMBAY SUPER HYBRID SEEDS,H
BURNPUR,EQ,BURNPUR CEMENT LTD.,H
CCCL,BE,CONS. CONST. CONSORT LTD,H
CHEMFAB,EQ,CHEMFAB ALKALIS LIMITED,H
CLOUD,ST,VARANIUM CLOUD LIMITED,H
DHRUV,EQ,DHRUV CONSULTANCY SER LTD,H
DIL,EQ,DEBOCK INDUSTRIES LIMITED,H
DNAMEDIA,EQ,DILIGENT MEDIA CORP LTD.,H
DRCSYSTEMS,BE,DRC SYSTEMS INDIA LIMITED,H
EASTSILK,BE,EASTERN SILK INDUSTRIES L,H
EBANK,EQ,EDELWEISS ETF-NIFTY BANK,H
ESSENTIA,EQ,INTEGRA ESSENTIA LIMITED,H
EXCEL,EQ,EXCEL REALTY N INFRA LTD,H
FCONSUMER,BE,FUTURE CONSUMER LIMITED,H
FCSSOFT,EQ,FCS SOFTWARE SOLN. LTD.,H
FEL,BE,FUTURE ENTERPRISES LTD,H
FELIX,SM,FELIX INDUSTRIES LTD.,H
FLFL,BE,FUT LIFESTYLE FASH LTD,H
FOCUS,EQ,FOCUS LIGHTG & FIXTRS LTD,H
GANGAFORGE,EQ,GANGA FORGING LIMITED,H
GAYAHWS,BE,GAYATRI HIGHWAYS LIMITED,H
GAYAPROJ,EQ,GAYATRI PROJECTS LTD,H
GLOBAL,EQ,GLOBAL EDUCATION LIMITED,H
GMRP&UI,EQ,GMR POW AND URBAN INFRA L,H
GODHA,EQ,GODHA CABCON INSULAT LTD,H
GOENKA,BZ,GOENKA DIAMOND&JEWELS LTD,H
GREENPOWER,EQ,ORIENT GREEN POWER CO LTD,H
GTLINFRA,EQ,GTL INFRA.LTD,H
GUJRAFFIA,BE,GUJARAT RAFFIA INDUST LTD,H
GVKPIL,BE,GVK POW. & INFRA LTD.,H
HAVISHA,BE,SRI HAVISHA HOSP & INFR L,H
HDIL,BZ,HOUSING DEV & INFRA LTD,H
HILTON,EQ,HILTON METAL FORGING LTD,H
HINDMOTORS,EQ,HINDUSTAN MOTORS LIMITED,H
HMT,BZ,HMT LTD -,H
HPIL,SM,HINDPRAKASH INDUSTRY LTD,H
IL&FSTRANS,BZ,IL&FS TRANS NET LTD,H
IMPEXFERRO,EQ,IMPEX FERRO TECH LIMITED,H
INDOTHAI,EQ,INDO THAI SEC LTD,H
INSPIRISYS,EQ,INSPIRISYS SOLUTIONS LTD,H
IWEL,EQ,INOX WIND ENERGY LIMITED,H
JAIPURKURT,EQ,NANDANI CREATION LIMITED,H
JBMA,EQ,JBM AUTO LIMITED,H
JETFREIGHT,EQ,JET FREIGHT LOGISTICS LTD,H
JUBLINDS,BE,JUBILANT INDUSTRIES LTD,H
KALYANIFRG,BE,KALYANI FORGE LIMITED,H
KANORICHEM,EQ,KANORIA CHEMICALS & INDUS,H
KAVVERITEL,EQ,KAVVERI TEL. LTD.,H
KBCGLOBAL,BE,KBC GLOBAL LIMITED,H
KECL,EQ,KIRLOSKAR ELECTRIC CO LTD,H
KERNEX,BE,KERNEX MICROSYS(I) LTD,H
KOHINOOR,EQ,KOHINOOR FOODS LIMITED,H
KRITIKA,EQ,KRITIKA WIRES LIMITED,H
LATTEYS,SM,LATTEYS INDUSTRIES LTD,H
LYPSAGEMS,EQ,LYPSA GEMS & JEWEL LTD,H
MADHUCON,BE,MADHUCON PROJECTS LTD.,H
MASKINVEST,BE,MASK INVESTMENTS LIMITED,H
MAXVIL,EQ,MAX VENTURES AND INDS LTD,H
MBECL,BE,MCNALLY BH. ENG. CO.LTD,H
MCL,EQ,MADHAV COPPER LIMITED,H
MELSTAR,BZ,MELSTAR INFORMATION TECH,H
MEP,EQ,MEP INFRA. DEVELOPERS LTD,H
MERCATOR,BE,MERCATOR LIMITED,H
MICEL,BE,MIC ELECTRONICS LTD,H
MITTAL,EQ,MITTAL LIFE STYLE LIMITED,H
MKPL,SM,M K PROTEINS LIMITED,H
NIDAN,SM,NIDAN LABS AND HEALTH LTD,H
NILASPACES,BE,NILA SPACES LIMITED,H
NIPPOBATRY,EQ,INDO-NATIONAL LIMITED,H
OILCOUNTUB,EQ,OIL COUNTRY TUBULAR LTD,H
PANACHE,EQ,PANACHE DIGILIFE LIMITED,H
PATELENG,EQ,PATEL ENGINEERING LTD.,H
PATINTLOG,EQ,PATEL INT. LOG. LTD,H
PCJEWELLER,BE,PC JEWELLER LTD,H
PODDARHOUS,EQ,PODDAR HOUSE & DVPT LTD,H
PREMIER,BE,PREMIER LIMITED,H
PRESSMN,EQ,PRESSMAN ADVERTISING LTD,H
PUNJLLOYD,BZ,PUNJ LLOYD LIMITED,H
PVP,EQ,PVP VENTURES LIMITED,H
RADAAN,EQ,RADAAN MEDIAWORKS (I) LTD,H
RAJRILTD,BE,RAJ RAYON INDUSTRIES LTD,H
RAMASTEEL,EQ,RAMA STEEL TUBES LIMITED,H
RAMRAT,EQ,RAM RATNA WIRES LIMITED,H
RKDL,EQ,RAVI KUMAR DIST. LTD.,H
RMCL,BZ,RADHA MADHAV CO. LTD.,H
RMDRIP,SM,R M DRIP & SPRINK SYS LTD,H
ROLLT,EQ,ROLLATAINERS LIMITED,H
SABEVENTS,EQ,SAB EVENTS & GOVERNANCE,H
SADBHIN,EQ,SADBHAV INFRA PROJ LTD.,H
SAKAR,EQ,SAKAR HEALTHCARE LIMITED,H
SALSTEEL,EQ,S.A.L. STEEL LTD.,H
SAMBHAAV,BE,SAMBHAAV MEDIA LTD,H
SDBL,EQ,SOM DIST & BREW LTD,H
SECURKLOUD,EQ,SECUREKLOUD TECH LIMITED,H
SETUINFRA,EQ,SETUBANDHAN INFRA LTD,H
SHIVAMAUTO,EQ,SHIVAM AUTO.LTD,H
SHIVAMILLS,EQ,SHIVA MILLS LIMITED,H
SHRADHA,BE,SHRADHA INFRAPROJECTS LTD,H
SITINET,EQ,SITI NETWORKS LIMITED,H
SMVD,SM,SMVD POLY PACK LIMITED,H
SOLEX,SM,SOLEX ENERGY LIMITED,H
SOMATEX,EQ,SOMA TEXTILES & INDUST LT,H
SPANDANA,BE,SPANDANA SPHOORTY FIN LTD,H
SPTL,BE,SINTEX PLASTICS TECH LTD,H
SRPL,EQ,SHREE RAM PROTEINS LTD.,H
STEELXIND,EQ,STEEL EXCHANGE INDIA LTD,H
SUMIT,BE,SUMIT WOODS LIMITED,H
SUPREMEENG,EQ,SUPREME ENGINEERING LTD,H
SUPREMEINF,BE,SUPREME INFRA. LTD.,H
TAPIFRUIT,ST,TAPI FRUIT PROCESSING LTD,H
THOMASCOTT,BE,THOMAS SCOTT (INDIA) LTD,H
TI,EQ,TILAKNAGAR INDUSTRIES LTD,H
TRANSWIND,SM,TRANSWIND INFRA LIMITED,H
TRU,EQ,TRUCAP FINANCE LIMITED,H
TVVISION,BE,TV VISION LIMITED,H
TWL,BE,TITAGARH WAGONS LTD.,H
UMESLTD,EQ,USHA MARTIN EDU & SOL LTD,H
UNITECH,BZ,UNITECH LIMITED,H
USASEEDS,SM,UPSURGE SEEDS OF AGRI LTD,H
VIJIFIN,EQ,VIJI FINANCE LIMITED,H
VIKASLIFE,EQ,VIKAS LIFECARE LIMITED,H
VISASTEEL,EQ,VISA STEEL LIMITED,H
VISHNU,EQ,VISHNU CHEMICALS LIMITED,H
WEWIN,BE,WE WIN LIMITED,H
ZENITHSTL,EQ,ZENITH STEEL PIP IND LTD,H
21STCENMGM,EQ,21ST CENTURY MGMT SERVICE,L
AAATECH,SM,AAA TECHNOLOGIES LIMITED,L
ADANIPOWER,BE,ADANI POWER LTD,L
AJRINFRA,EQ,AJR INFRA & TOLLING LTD,L
AKASH,EQ,AKASH INFRA-PROJECTS LTD,L
ALPSINDUS,EQ,ALPS INDUSTRIES LTD,L
AMDIND,BE,AMD INDUSTRIES LIMITED,L
ANSALAPI,BE,ANSAL PROP & INFRA LTD,L
ANTGRAPHIC,EQ,ANTARCTICA LTD,L
BKMINDST,BZ,BKM INDUSTRIES LIMITED,L
CMMIPL,SM,CMM INFRAPROJECTS LIMITED,L
CYBERMEDIA,EQ,CYBER MEDIA (INDIA) LTD.,L
DBREALTY,EQ,D B REALTY LIMITED,L
DBSTOCKBRO,EQ,DB (INT) STOCK BROKERS,L
DCMFINSERV,BE,DCM FINANCIAL SERVICES LT,L
DIL,EQ,DEBOCK INDUSTRIES LIMITED,L
DRCSYSTEMS,BE,DRC SYSTEMS INDIA LIMITED,L
EASUNREYRL,BZ,EASUN REYROLLE LTD,L
ENERGYDEV,EQ,ENERGY DEVE. CO.LTD,L
EQUIPPP,BE,EQUIPPP SOC IMP TECH LTD,L
EUROTEXIND,EQ,EUROTEX INDUSTRIES LTD,L
EXCEL,EQ,EXCEL REALTY N INFRA LTD,L
GFSTEELS,BE,GRAND FOUNDRY LTD,L
GLFL,BE,GUJARAT LEASE FINANCING L,L
GODHA,EQ,GODHA CABCON INSULAT LTD,L
GOENKA,BZ,GOENKA DIAMOND&JEWELS LTD,L
GSTL,SM,GLOBESECURE TECHNO LTD,L
GVKPIL,BE,GVK POW. & INFRA LTD.,L
HINDNATGLS,BE,HIND NATL GLASS & IND LTD,L
ICDSLTD,BE,ICDSLTD,L
INFOMEDIA,BE,INFOMEDIA PRESS LIMITED,L
INNOVATIVE,ST,INNOVATIVE TYRES & TUBES,L
ISHAN,ST,ISHAN INTERNATIONAL LTD,L
JAINAM,SM,JAINAM FER ALLOYS (I) LTD,L
JAIPURKURT,EQ,NANDANI CREATION LIMITED,L
JALAN,SM,JALAN TRANSOLU. INDIA LTD,L
JETFREIGHT,EQ,JET FREIGHT LOGISTICS LTD,L
JPINFRATEC,BE,JAYPEE INFRATECH LTD,L
KANDARP,ST,KANDARP DG SMART BPO LTD,L
KEEPLEARN,BE,DSJ KEEP LEARNING LTD,L
KOTYARK,SM,KOTYARK INDUSTRIES LTD,L
LEXUS,SM,LEXUS GRANITO (INDIA) LTD,L
MAKS,ST,MAKS ENERGY SOL INDIA LTD,L
MBECL,BE,MCNALLY BH. ENG. CO.LTD,L
MCLEODRUSS,EQ,MCLEOD RUSSEL INDIA LTD.,L
MEGASOFT,EQ,MEGASOFT LTD,L
MELSTAR,BZ,MELSTAR INFORMATION TECH,L
MICEL,BE,MIC ELECTRONICS LTD,L
MILTON,ST,MILTON INDUSTRIES LIMITED,L
MITCON,BE,MITCON CON & ENG SER LTD,L
NATNLSTEEL,BE,NATIONAL STEEL & AGRO IND,L
NDTV,BE,NDTV LTD,L
ORTEL,BZ,ORTEL COMMUNICATIONS LTD,L
PARACABLES,BE,PARAMOUNT COMM LTD,L
PATINTPP,E1,PATEL INTE RS. 2.5 PPD UP,L
PENTAGOLD,SM,PENTA GOLD LIMITED,L
PUNJLLOYD,BZ,PUNJ LLOYD LIMITED,L
RADAAN,EQ,RADAAN MEDIAWORKS (I) LTD,L
RCOM,BE,RELIANCE COMMUNICATIONS L,L
REGENCERAM,BE,REGENCYCERAMICS-LTD,L
RELIABLE,SM,RELIABLE DATA SERVICE LTD,L
RMCL,BZ,RADHA MADHAV CO. LTD.,L
S&SPOWER,EQ,S&S POWER SWITCHGEARS LTD,L
SABAR,ST,SABAR FLEX INDIA LIMITED,L
SALSTEEL,EQ,S.A.L. STEEL LTD.,L
SANWARIA,BZ,SANWARIA CONSUMER LIMITED,L
SECL,SM,SALASAR EXTERIOR CONT LTD,L
SELMC,BE,SEL MANUFACTURING CO LTD,L
SERVOTECH,BE,SERVOTECH POWER SYS LTD.,L
SHUBHLAXMI,SM,SHUBHLAXMI JEWEL ART LTD,L
SHYAMTEL,BE,SHYAM TELECOM LIMITED,L
SITINET,EQ,SITI NETWORKS LIMITED,L
SOFTTECH,EQ,SOFTTECH ENGINEERS LTD,L
SOLEX,SM,SOLEX ENERGY LIMITED,L
SPMLINFRA,EQ,SPML INFRA LIMITED,L
SUBCAPCITY,EQ,INTERNATIONAL CONST LTD,L
SUPREMEENG,EQ,SUPREME ENGINEERING LTD,L
SWARAJ,SM,SWARAJ SUITING LIMITED,L
TANTIACONS,BZ,TANTIA CONST LTD,L
TARACHAND,SM,TARA CHAND LOG. SOL. LTD.,L
TEMBO,EQ,TEMBO GLOBAL IND LTD,L
TFL,BE,TRANSWARRANTY FIN. LTD.,L
TOUCHWOOD,BE,TOUCHWOOD ENTERTAIN LTD.,L
TRF,EQ,TRF LIMITED,L
VIKASPROP,BE,VIKAS PROP & GRANITE LTD,L
VIKASWSP,BZ,VIKAS WSP LIMITED,L
VISESHINFO,EQ,VISESH INFOTECNICS LTD,L
