GAIN_LOSS,SECURITY,CLOSE_PRIC,PREV_CL_PR,PERCENT_CG
 ,Nifty 50 Sec., , , 
 , , , , 
G,INDUSIND BANK LIMITED,      1219.25,      1156.25,5.45
G,ADANI PORT & SEZ LTD,       823.05,       784.40,4.93
G,BAJAJ FINANCE LIMITED,      7488.70,      7171.80,4.42
G,COAL INDIA LTD,       223.25,       214.95,3.86
G,HERO MOTOCORP LIMITED,      2621.80,      2525.55,3.81
G,UPL LIMITED,       689.95,       665.10,3.74
G,TATA CONSULTANCY SERV LT,      3091.15,      2984.95,3.56
G,HINDALCO  INDUSTRIES  LTD,       394.05,       380.95,3.44
G,BAJAJ FINSERV LTD.,      1701.15,      1646.60,3.31
G,JSW STEEL LIMITED,       643.20,       623.55,3.15
G,HDFC LTD,      2349.45,      2283.05,2.91
G,GRASIM INDUSTRIES LTD,      1683.90,      1636.45,2.9
G,LARSEN & TOUBRO LTD.,      1871.55,      1819.30,2.87
G,TATA STEEL LIMITED,       101.15,        98.35,2.85
G,HDFC BANK LTD,      1453.00,      1413.20,2.82
G,WIPRO LTD,       405.50,       394.50,2.79
G,AXIS BANK LIMITED,       742.80,       722.75,2.77
G,EICHER MOTORS LTD,      3555.00,      3463.35,2.65
G,ITC LTD,       332.85,       324.40,2.6
G,TATA MOTORS LIMITED,       407.90,       397.65,2.58
G,INFOSYS LIMITED,      1429.40,      1393.75,2.56
G,HDFC LIFE INS CO LTD,       531.95,       518.70,2.55
G,STATE BANK OF INDIA,       532.70,       519.75,2.49
G,ICICI BANK LTD.,       867.65,       848.35,2.28
G,TECH MAHINDRA LIMITED,      1028.30,      1005.50,2.27
G,KOTAK MAHINDRA BANK LTD,      1822.25,      1783.90,2.15
G,SBI LIFE INSURANCE CO LTD,      1260.65,      1237.25,1.89
G,RELIANCE INDUSTRIES LTD,      2413.20,      2369.50,1.84
G,BAJAJ AUTO LIMITED,      3579.60,      3515.35,1.83
G,HINDUSTAN UNILEVER LTD.,      2667.95,      2622.50,1.73
 , , , , 
L,POWER GRID CORP. LTD.,       208.45,       210.80,-1.11
L,DR. REDDY S LABORATORIES,      4413.95,      4419.65,-0.13
 , , , , 
 ,Nifty Next 50 Sec., , , 
 , , , , 
G,ADANI TRANSMISSION LTD,      3318.60,      3123.65,6.24
G,CHOLAMANDALAM IN & FIN CO,       737.75,       699.55,5.46
G,STEEL AUTHORITY OF INDIA,        79.60,        76.00,4.74
G,PIRAMAL ENTERPRISES LTD,       867.45,       829.25,4.61
G,BANK OF BARODA,       133.80,       128.05,4.49
G,UNITED SPIRITS LIMITED,       861.60,       827.30,4.15
G,MINDTREE LIMITED,      3246.50,      3119.65,4.07
G,VEDANTA LIMITED,       279.15,       268.35,4.02
G,INFO EDGE (I) LTD,      3947.45,      3804.60,3.75
G,ZOMATO LIMITED,        64.05,        61.90,3.47
G,BANDHAN BANK LIMITED,       270.00,       261.05,3.43
G,ICICI PRU LIFE INS CO LTD,       526.90,       509.90,3.33
G,DLF LIMITED,       359.10,       347.85,3.23
G,NMDC LTD.,       129.70,       125.75,3.14
G,L&T INFOTECH LIMITED,      4588.10,      4450.70,3.09
G,INTERGLOBE AVIATION LTD,      1851.75,      1796.85,3.06
G,JUBILANT FOODWORKS LTD,       633.40,       614.95,3
G,HDFC AMC LIMITED,      1892.40,      1838.40,2.94
G,ADANI GREEN ENERGY LTD,      2134.20,      2074.05,2.9
G,PUNJAB NATIONAL BANK,        36.45,        35.45,2.82
G,LUPIN LIMITED,       742.25,       722.10,2.79
G,SRF LTD,      2545.65,      2478.90,2.69
G,ZYDUS LIFESCIENCES LTD,       419.90,       409.35,2.58
G,ADANI ENTERPRISES LIMITED,      3237.70,      3157.30,2.55
G,ACC LIMITED,      2359.65,      2301.30,2.54
G,GAIL (INDIA) LTD,        87.25,        85.15,2.47
G,PI INDUSTRIES LTD,      3035.45,      2964.80,2.38
G,BIOCON LIMITED.,       298.55,       291.75,2.33
G,ONE 97 COMMUNICATIONS LTD,       674.95,       660.00,2.27
G,ICICI LOMBARD GIC LIMITED,      1149.95,      1125.45,2.18
 , , , , 
L,MARICO LIMITED,       526.10,       529.50,-0.64
L,DABUR INDIA LTD,       553.80,       557.15,-0.6
L,P&G HYGIENE & HEALTH CARE,     13939.75,     14001.80,-0.44
L,GLAND PHARMA LIMITED,      2131.90,      2132.65,-0.04
 , , , , 
 ,OTHER SECURITIES, , , 
 , , , , 
G,MAX VENTURES AND INDS LTD,       173.45,       144.55,19.99
G,SHIVA MILLS LIMITED,       134.85,       112.40,19.97
G,TAX FREE  7.35% SR. 108,      1376.00,      1147.01,19.96
G,GAYATRI PROJECTS LTD,         9.80,         8.20,19.51
G,ANSAL HOUSING LIMITED,         5.85,         4.90,19.39
G,BSL LTD,       166.95,       143.50,16.34
G,UNSEC RED NCD 10.5% SR.VI,      1197.90,      1031.10,16.18
G,LAMBODHARA TEXTILES LTD.,       105.55,        91.75,15.04
G,MURUDESHWAR CERAMICS LTD,        32.85,        28.75,14.26
G,INDO-NATIONAL LIMITED,       396.35,       352.35,12.49
G,SPORTKING INDIA LIMITED,       859.55,       764.80,12.39
G,ANGEL ONE LIMITED,      1532.15,      1363.75,12.35
G,GLOBE TEXTILES (I) LTD.,         6.00,         5.35,12.15
G,APAR INDUSTRIES LTD.,      1435.55,      1284.05,11.8
G,M&M FIN. SERVICES LTD,       200.40,       179.75,11.49
G,MIRC ELECTRONICS LTD,        18.45,        16.70,10.48
G,DYMIC PRO LTD RS.5 PPD UP,       132.55,       120.00,10.46
G,SEC RED NCD 9.00% SR. VII,       392.15,       355.67,10.26
G,MONARCH NETWORTH CAP LTD,       369.35,       335.15,10.2
G,UPSURGE SEEDS OF AGRI LTD,       379.90,       345.40,9.99
G,POWER MECH PROJECTS LTD.,      2002.10,      1820.30,9.99
G,DANGEE DUMS LIMITED,        24.30,        22.10,9.95
G,AKSHAR SPINTEX LIMITED,        72.35,        65.80,9.95
G,LYKA LABS LTD,       135.30,       123.25,9.78
G,VIVIANA POWER TECH LTD,       109.40,        99.80,9.62
G,DHRUV CONSULTANCY SER LTD,        60.25,        55.05,9.45
G,8.50% TAX FREE TR I S IIA,      1321.00,      1209.00,9.26
G,VAKRANGEE LIMITED,        38.85,        35.65,8.98
G,SEC RED NCD 8.65% SR. VI,       395.97,       365.00,8.48
G,PARADEEP PHOSPHATES LTD,        66.70,        61.50,8.46
 , , , , 
L,UNS RED NCD 9.40% SR. IV,       403.01,       461.00,-12.58
L,UNS RED NCD 9.25% SR. I,       199.32,       226.00,-11.81
L,UNS RED NCD 9.55% SR.VIII,       171.00,       190.05,-10.02
L,VISESH INFOTECNICS LTD,          .60,          .65,-7.69
L,EXCEL REALTY N INFRA LTD,          .65,          .70,-7.14
L,RELIABLE DATA SERVICE LTD,        46.90,        49.40,-5.06
L,SPML INFRA LIMITED,        31.35,        33.00,-5
L,JAINAM FER ALLOYS (I) LTD,       156.75,       165.00,-5
L,AAA TECHNOLOGIES LIMITED,        65.60,        69.05,-5
L,KOTYARK INDUSTRIES LTD,       554.35,       583.50,-5
L,D B REALTY LIMITED,       106.50,       112.10,-5
L,SALASAR EXTERIOR CONT LTD,       407.05,       428.45,-4.99
L,TRF LIMITED,       249.25,       262.35,-4.99
L,PENTA GOLD LIMITED,       104.85,       110.35,-4.98
L,GLOBESECURE TECHNO LTD,        83.35,        87.70,-4.96
L,LEXUS GRANITO (INDIA) LTD,        93.00,        97.85,-4.96
L,INTERNATIONAL CONST LTD,       101.65,       106.95,-4.96
L,MAKS ENERGY SOL INDIA LTD,        23.05,        24.25,-4.95
L,MILTON INDUSTRIES LIMITED,        19.25,        20.25,-4.94
L,KANDARP DG SMART BPO LTD,        23.30,        24.50,-4.9
L,CYBER MEDIA (INDIA) LTD.,        20.55,        21.60,-4.86
L,DB (INT) STOCK BROKERS,        22.90,        24.05,-4.78
L,AURANGABAD DISTILLERY LTD,       116.00,       121.80,-4.76
L,JALAN TRANSOLU. INDIA LTD,         8.10,         8.50,-4.71
L,S.A.L. STEEL LTD.,        15.30,        16.05,-4.67
L,BETA DRUGS LIMITED,       748.15,       784.00,-4.57
L,V MARC INDIA LIMITED,        36.00,        37.70,-4.51
L,EUROTEX INDUSTRIES LTD,        10.65,        11.15,-4.48
L,FOCE INDIA LIMITED,       535.00,       560.00,-4.46
L,SEC RE NCD 8.70% SR.III,       890.00,       930.00,-4.3
