SECURITY,NEW,PREVIOUS,NEW_STATUS
BOMBAY METRICS S C LTD,1338.3,1299,H
BSL LTD,169.65,161.9,H
GARDEN REACH SHIP&ENG LTD,376,372,H
METRO BRANDS LIMITED,969.85,968.95,H
RAJ RAYON INDUSTRIES LTD,17.7,17.4,H
FOCUS LIGHTG & FIXTRS LTD,162.75,162.4,H
RACHANA INFRA LTD,785,768,H
MAX VENTURES AND INDS LTD,173.45,156.1,H
GUJARAT FLUOROCHEM LTD,4048.7,4024,H
IRIS CLOTHINGS LIMITED,262.8,258.8,H
M K PROTEINS LIMITED,504.75,480.75,H
AXISAMC - AXISILVER,62.5,59.3,H
BLUE DART EXPRESS LTD,9640,9280,H
SHREEOSWAL S AND CHE LTD,163.4,158.95,H
RAINBOW CHILDRENS MED LTD,686.9,672,H
SEC RE NCD SR.II,999.99,999.9,H
KSHITIJ POLYLINE LIMITED,135.95,130.4,H
POWER MECH PROJECTS LTD.,2025,1919.9,H
SAFARI IND (INDIA) LTD,1885,1782,H
MAZAGON DOCK SHIPBUIL LTD,572.9,525,H
SEC RE NCD 0% SR.I,1055,1049.2,H
GOI TBILL 364D-03/08/23,94.55,94.34,H
A AND M JUMBO BAGS LTD,24.65,23.5,H
GOI TBILL 91D-17/11/22,99,96.01,H
SKM EGG PROD-ROLL SETT,106.85,105.2,H
APAR INDUSTRIES LTD.,1455,1418.2,H
TRIVENI TURBINE LIMITED,272,262.45,H
LEMON TREE HOTELS LTD,91.55,90.9,H
KALYAN JEWELLERS IND LTD,103,101.4,H
ZYDUS LIFESCIENCES LTD,421.5,415.05,H
MEDICO REMEDIES LIMITED,149.9,144.3,H
HDFCAMC - HDFCSILVER,62.2,58.49,H
FOURTH DIMENSION SOL L,59.75,56.95,H
LANCER CONTAINER LINE LTD,348.75,335,H
GO FASHION INDIA LTD,1381.1,1374.6,H
INOX WIND ENERGY LIMITED,1004.85,986.5,H
DSPAMC - DSPSILVETF,61.2,58,H
UPSURGE SEEDS OF AGRI LTD,379.9,345.4,H
VARANIUM CLOUD LIMITED,155.65,148.25,H
SEC RE NCD 8.70% SR.III,940,931,H
MIC ELECTRONICS LTD,11.4,11.7,L
VIKAS WSP LIMITED,2.05,2.1,L
PDS LIMITED,295,296.35,L
HDFCAMC - HDFCGROWTH,86,86.2,L
GVK POW. & INFRA LTD.,3,3.05,L
HIND NATL GLASS & IND LTD,8.55,8.95,L
BIRLASLAMC - SILVER,53.5,54,L
TAMILNAD MERCA BANK LTD,471.5,473.5,L
MOTILALAMC - MOLOWVOL,21.01,22.73,L
EQUIPPP SOC IMP TECH LTD,40.85,43,L
GODHA CABCON INSULAT LTD,2.65,2.75,L
INTERNATIONAL CONST LTD,101.65,106.95,L
ISHAN INTERNATIONAL LTD,65.25,68,L
DANGEE DUMS LIMITED,21.95,22,L
KOTAKMAMC - KOTAKMNC,18.62,18.7,L
VEEKAYEM FASH & APP LTD,38.5,39,L
RADHA MADHAV CO. LTD.,1.6,1.65,L
AKSHAR SPINTEX LIMITED,63.1,65.8,L
DREAMFOLKS SERVICES LTD,364,364.55,L
KCK INDUSTRIES LTD,21.5,21.6,L
SABAR FLEX INDIA LIMITED,16.5,17.35,L
MEGA FLEX PLASTICS LTD,52.6,54,L
TEMBO GLOBAL IND LTD,101.5,104.55,L
SAMVRDHNA MTHRSN INTL LTD,72.1,72.6,L
KANDARP DG SMART BPO LTD,23.3,24.5,L
CHOICE INTERNATIONAL LTD,219,219.05,L
SEC RE NCD 8.70% SR.III,890,930,L

